model,mean_entropy_bits,median_entropy_bits,min_entropy_bits,max_entropy_bits,mean_entropy_norm,n_questions
Human,1.8565,1.8504,1.034,2.7499,0.797,12
GPT-3.5-Turbo,0.5223,0.4682,0.0,1.5275,0.301,12
LLaMA-2-7B,0.8299,0.8016,0.0,1.8464,0.5723,12
GPT-4o,0.45,0.469,0.0,1.761,0.3766,12
Claude 4-6,0.5035,0.5954,0.0,1.4855,0.4578,12
LLaMA-3.3-70B,0.4735,0.0,0.0,1.6855,0.3255,12
GPT-4o (P5),0.9459,0.9016,0.0,2.371,0.6161,12
Claude (P5),0.6275,0.5954,0.0,1.361,0.5039,12
LLaMA (P5),0.5977,0.469,0.0,1.761,0.4388,12
